{"stats":{"minecraft:killed_by":{"minecraft:skeleton":1},"minecraft:mined":{"minecraft:fire":1,"minecraft:crafting_table":1,"minecraft:oak_log":20,"minecraft:grass_block":7,"minecraft:coal_ore":4,"minecraft:dirt":9,"minecraft:stone":8,"minecraft:oak_leaves":4},"minecraft:dropped":{"minecraft:oak_sapling":1},"minecraft:killed":{"minecraft:cow":2},"minecraft:custom":{"minecraft:time_since_rest":4017,"minecraft:sprint_one_cm":30251,"minecraft:damage_taken":910,"minecraft:walk_one_cm":29644,"minecraft:mob_kills":4,"minecraft:drop":1,"minecraft:damage_dealt":525,"minecraft:interact_with_crafting_table":4,"minecraft:fly_one_cm":21371,"minecraft:crouch_one_cm":3038,"minecraft:play_time":18908,"minecraft:deaths":3,"minecraft:sneak_time":1534,"minecraft:walk_under_water_one_cm":100,"minecraft:jump":218,"minecraft:leave_game":1,"minecraft:time_since_death":3944,"minecraft:walk_on_water_one_cm":65,"minecraft:total_world_time":18908,"minecraft:fall_one_cm":12886},"minecraft:crafted":{"minecraft:oak_planks":60,"minecraft:crafting_table":4,"minecraft:stick":8,"minecraft:wooden_pickaxe":1,"minecraft:wooden_axe":1,"minecraft:stone_axe":1},"minecraft:used":{"minecraft:wooden_axe":15,"minecraft:wooden_pickaxe":15,"minecraft:cooked_chicken":1,"minecraft:stone_axe":1,"minecraft:dirt":6,"minecraft:crafting_table":3},"minecraft:picked_up":{"minecraft:crafting_table":1,"minecraft:leather":1,"minecraft:oak_log":20,"minecraft:dirt":15,"minecraft:apple":1,"minecraft:beef":6,"minecraft:cooked_chicken":1,"minecraft:oak_sapling":1,"minecraft:coal":3,"minecraft:cobblestone":6}},"DataVersion":3953}