{"stats":{"minecraft:crafted":{"minecraft:oak_planks":36,"minecraft:cooked_porkchop":9,"minecraft:crafting_table":2,"minecraft:wooden_pickaxe":1,"minecraft:furnace":1,"minecraft:stone_axe":1,"minecraft:air":0,"minecraft:iron_axe":1,"minecraft:stick":16,"minecraft:iron_ingot":13,"minecraft:iron_pickaxe":2,"minecraft:stone_pickaxe":1,"minecraft:torch":8},"minecraft:custom":{"minecraft:interact_with_furnace":8,"minecraft:mob_kills":17,"minecraft:interact_with_crafting_table":9,"minecraft:leave_game":1,"minecraft:time_since_death":17689,"minecraft:time_since_rest":17744,"minecraft:sprint_one_cm":81978,"minecraft:damage_taken":895,"minecraft:walk_one_cm":88553,"minecraft:drop":1,"minecraft:damage_dealt":2450,"minecraft:swim_one_cm":445,"minecraft:fly_one_cm":31095,"minecraft:crouch_one_cm":2205,"minecraft:play_time":43847,"minecraft:deaths":1,"minecraft:sneak_time":715,"minecraft:walk_under_water_one_cm":431,"minecraft:jump":348,"minecraft:walk_on_water_one_cm":1061,"minecraft:total_world_time":43847,"minecraft:fall_one_cm":8499},"minecraft:mined":{"minecraft:stripped_birch_log":1,"minecraft:crafting_table":4,"minecraft:torch":2,"minecraft:short_grass":2,"minecraft:grass_block":2,"minecraft:cobblestone":3,"minecraft:copper_ore":4,"minecraft:lapis_ore":6,"minecraft:diorite":60,"minecraft:wall_torch":5,"minecraft:furnace":2,"minecraft:birch_log":3,"minecraft:iron_ore":25,"minecraft:andesite":21,"minecraft:peony":1,"minecraft:coal_ore":43,"minecraft:oak_log":9,"minecraft:gravel":8,"minecraft:dirt":1,"minecraft:stone":137,"minecraft:oak_leaves":5},"minecraft:picked_up":{"minecraft:birch_log":6,"minecraft:crafting_table":5,"minecraft:andesite":19,"minecraft:wooden_pickaxe":3,"minecraft:oak_log":9,"minecraft:lapis_lazuli":43,"minecraft:dirt":9,"minecraft:stripped_birch_log":2,"minecraft:raw_copper":33,"minecraft:iron_axe":1,"minecraft:apple":1,"minecraft:iron_ingot":6,"minecraft:stone_pickaxe":1,"minecraft:iron_pickaxe":1,"minecraft:oak_planks":49,"minecraft:furnace":3,"minecraft:stick":2,"minecraft:raw_iron":29,"minecraft:cooked_porkchop":1,"minecraft:torch":7,"minecraft:gravel":16,"minecraft:porkchop":36,"minecraft:diorite":75,"minecraft:rotten_flesh":6,"minecraft:stone_axe":3,"minecraft:peony":1,"minecraft:coal":92,"minecraft:cobblestone":209},"minecraft:dropped":{"minecraft:peony":1},"minecraft:broken":{"minecraft:iron_pickaxe":1},"minecraft:killed":{"minecraft:pig":10,"minecraft:zombie":6},"minecraft:used":{"minecraft:diorite":34,"minecraft:stone_pickaxe":35,"minecraft:wooden_pickaxe":9,"minecraft:torch":15,"minecraft:dirt":9,"minecraft:crafting_table":5,"minecraft:apple":1,"minecraft:iron_axe":44,"minecraft:iron_pickaxe":266,"minecraft:stone_axe":5,"minecraft:cobblestone":6,"minecraft:furnace":3,"minecraft:cooked_porkchop":6,"minecraft:andesite":8}},"DataVersion":3953}