{"stats":{"minecraft:crafted":{"minecraft:oak_planks":36,"minecraft:iron_axe":1,"minecraft:crafting_table":2,"minecraft:stick":12,"minecraft:iron_pickaxe":1,"minecraft:iron_ingot":6,"minecraft:wooden_pickaxe":1,"minecraft:stone_pickaxe":1,"minecraft:furnace":1,"minecraft:stone_axe":1,"minecraft:air":0},"minecraft:custom":{"minecraft:time_since_rest":5744,"minecraft:interact_with_furnace":4,"minecraft:sprint_one_cm":66374,"minecraft:damage_taken":325,"minecraft:walk_one_cm":44930,"minecraft:mob_kills":10,"minecraft:drop":1,"minecraft:damage_dealt":1190,"minecraft:swim_one_cm":445,"minecraft:interact_with_crafting_table":8,"minecraft:fly_one_cm":23153,"minecraft:crouch_one_cm":1128,"minecraft:play_time":31847,"minecraft:deaths":1,"minecraft:sneak_time":421,"minecraft:walk_under_water_one_cm":431,"minecraft:jump":261,"minecraft:leave_game":1,"minecraft:walk_on_water_one_cm":1061,"minecraft:time_since_death":5689,"minecraft:total_world_time":31847,"minecraft:fall_one_cm":5981},"minecraft:mined":{"minecraft:furnace":1,"minecraft:birch_log":3,"minecraft:iron_ore":11,"minecraft:stripped_birch_log":1,"minecraft:peony":1,"minecraft:crafting_table":3,"minecraft:short_grass":1,"minecraft:oak_log":9,"minecraft:grass_block":1,"minecraft:coal_ore":19,"minecraft:gravel":8,"minecraft:copper_ore":3,"minecraft:cobblestone":3,"minecraft:stone":79,"minecraft:diorite":49,"minecraft:oak_leaves":5},"minecraft:picked_up":{"minecraft:birch_log":6,"minecraft:stick":2,"minecraft:raw_iron":15,"minecraft:crafting_table":4,"minecraft:wooden_pickaxe":3,"minecraft:gravel":16,"minecraft:porkchop":20,"minecraft:oak_log":9,"minecraft:diorite":64,"minecraft:stripped_birch_log":2,"minecraft:dirt":7,"minecraft:raw_copper":28,"minecraft:iron_axe":1,"minecraft:rotten_flesh":2,"minecraft:apple":1,"minecraft:stone_axe":3,"minecraft:peony":1,"minecraft:stone_pickaxe":1,"minecraft:iron_ingot":6,"minecraft:iron_pickaxe":1,"minecraft:oak_planks":49,"minecraft:coal":49,"minecraft:cobblestone":150,"minecraft:furnace":2},"minecraft:dropped":{"minecraft:peony":1},"minecraft:killed":{"minecraft:pig":9,"minecraft:zombie":1},"minecraft:used":{"minecraft:diorite":34,"minecraft:apple":1,"minecraft:iron_axe":22,"minecraft:stone_pickaxe":35,"minecraft:iron_pickaxe":130,"minecraft:wooden_pickaxe":9,"minecraft:stone_axe":5,"minecraft:dirt":7,"minecraft:cobblestone":4,"minecraft:crafting_table":4,"minecraft:furnace":2}},"DataVersion":3953}