{"stats":{"minecraft:crafted":{"minecraft:oak_planks":36,"minecraft:iron_axe":1,"minecraft:crafting_table":2,"minecraft:stick":12,"minecraft:iron_pickaxe":1,"minecraft:iron_ingot":6,"minecraft:wooden_pickaxe":1,"minecraft:stone_pickaxe":1,"minecraft:furnace":1,"minecraft:stone_axe":1,"minecraft:air":0},"minecraft:custom":{"minecraft:time_since_rest":19847,"minecraft:interact_with_furnace":3,"minecraft:sprint_one_cm":27297,"minecraft:damage_taken":215,"minecraft:walk_one_cm":19835,"minecraft:mob_kills":1,"minecraft:drop":1,"minecraft:damage_dealt":290,"minecraft:swim_one_cm":445,"minecraft:interact_with_crafting_table":8,"minecraft:fly_one_cm":13016,"minecraft:crouch_one_cm":711,"minecraft:play_time":19847,"minecraft:sneak_time":269,"minecraft:walk_under_water_one_cm":431,"minecraft:jump":76,"minecraft:leave_game":1,"minecraft:walk_on_water_one_cm":1061,"minecraft:time_since_death":19847,"minecraft:total_world_time":19847,"minecraft:fall_one_cm":3394},"minecraft:mined":{"minecraft:iron_ore":11,"minecraft:peony":1,"minecraft:crafting_table":3,"minecraft:oak_log":9,"minecraft:grass_block":1,"minecraft:coal_ore":6,"minecraft:cobblestone":3,"minecraft:stone":19,"minecraft:diorite":9,"minecraft:oak_leaves":4},"minecraft:picked_up":{"minecraft:raw_iron":11,"minecraft:crafting_table":3,"minecraft:wooden_pickaxe":1,"minecraft:oak_log":9,"minecraft:diorite":9,"minecraft:dirt":7,"minecraft:rotten_flesh":1,"minecraft:apple":1,"minecraft:stone_axe":1,"minecraft:peony":1,"minecraft:oak_planks":15,"minecraft:coal":9,"minecraft:cobblestone":21},"minecraft:dropped":{"minecraft:peony":1},"minecraft:killed":{"minecraft:zombie":1},"minecraft:used":{"minecraft:diorite":1,"minecraft:apple":1,"minecraft:iron_axe":1,"minecraft:stone_pickaxe":35,"minecraft:iron_pickaxe":5,"minecraft:wooden_pickaxe":9,"minecraft:stone_axe":5,"minecraft:dirt":7,"minecraft:cobblestone":4,"minecraft:crafting_table":4,"minecraft:furnace":1}},"DataVersion":3953}